ADM1INName,Obs,Pop,weight_scl
North West Upolu,172,69376,1.253396751
Apia Urban Area,162,37391,0.71723227
Rest of Upolu,158,45652,0.903582709
Savaii,128,43560,1.147132592
